<?xml version="1.0" encoding="UTF-8" standalone="no"?>
<Entities>
    <ExtensionPackages>
        <ExtensionPackage dependsOn="" description="A desc for Extension Package" minimumThingWorxVersion="8.3.0" name="CustomAuthentication" packageVersion="1.0.0" vendor="HCL Technologies">
            <JarResources>
                <FileResource description="A jar file description" file="customauthentication.jar" type="JAR"/>
            </JarResources>
        </ExtensionPackage>
    </ExtensionPackages>
    <Authenticators>
        <Authenticator aspect.isEditableExtensionObject="true" className="com.thingworx.security.authentication.CustomAuth" description="This custom authenticator  is used to access any Thingworx mashup in URL (http://thingworx-server/Thingworx/Mashups/Mashupname?paramName=paramValue) without passing any appkey in URL and without any authentication popup. This is configurable extension which needs MashupName and any UserName with proper access on particular mashup. Access based on the paramName or ParamValue are optional. " enabled="false" name="CustomAuth" priority="1" requiresChallenge="false" supportsSession="true"/>
    </Authenticators>
</Entities>
